LIKE A ROLLING STONE,nougatcenter
SMELLS LIKE TEEN SPIRIT,nougatcenter
A DAY IN THE LIFE,nougatcenter
GOOD VIBRATIONS,nougatcenter
(I CAN'T GET NO) SATISFACTION,nougatcenter
I HEARD IT THROUGH THE GRAPEVINE,nougatcenter
BE MY BABY,nougatcenter
STRAWBERRY FIELDS FOREVER,nougatcenter
RESPECT,nougatcenter
WHAT'S GOING ON,nougatcenter
LOVE WILL TEAR US APART,nougatcenter
JOHNNY B. GOODE,nougatcenter
BORN TO RUN,nougatcenter
MY GENERATION,nougatcenter
HEARTBREAK HOTEL,nougatcenter
BILLIE JEAN,nougatcenter
(SITTIN' ON) THE DOCK OF THE BAY,nougatcenter
GOD ONLY KNOWS,nougatcenter
ANARCHY IN THE U.K.,nougatcenter
SYMPATHY FOR THE DEVIL,nougatcenter
LONDON CALLING,nougatcenter
STAIRWAY TO HEAVEN,nougatcenter
GOD SAVE THE QUEEN,nougatcenter
THE MESSAGE,nougatcenter
IMAGINE,nougatcenter
HEROES,nougatcenter
GIMME SHELTER,nougatcenter
WHEN DOVES CRY,nougatcenter
WATERLOO SUNSET,nougatcenter
HEY YA!,nougatcenter
YOU REALLY GOT ME,nougatcenter
LOUIE LOUIE,nougatcenter
BLUE MONDAY,nougatcenter
WHAT'D I SAY,nougatcenter
SUPERSTITION,nougatcenter
RIVER DEEP - MOUNTAIN HIGH,nougatcenter
I WANT YOU BACK,nougatcenter
TUTTI FRUTTI,nougatcenter
YOU'VE LOST THAT LOVIN' FEELIN',nougatcenter
HEY JUDE,nougatcenter
COMMON PEOPLE,nougatcenter
PAPER PLANES,nougatcenter
PURPLE HAZE,nougatcenter
LOSING MY RELIGION,nougatcenter
I WANT TO HOLD YOUR HAND,nougatcenter
A CHANGE IS GONNA COME,nougatcenter
SEVEN NATION ARMY,nougatcenter
CRAZY IN LOVE,nougatcenter
BOHEMIAN RHAPSODY,nougatcenter
UNFINISHED SYMPATHY,nougatcenter
JUMPIN' JACK FLASH,nougatcenter
MR. TAMBOURINE MAN,nougatcenter
TAKE ME OUT,nougatcenter
WALK ON THE WILD SIDE,nougatcenter
GET LUCKY,nougatcenter
BITTER SWEET SYMPHONY,nougatcenter
LIGHT MY FIRE,nougatcenter
REACH OUT I'LL BE THERE,nougatcenter
SUSPICIOUS MINDS,nougatcenter
THE TRACKS OF MY TEARS,nougatcenter
LOSER,nougatcenter
THAT'LL BE THE DAY,nougatcenter
LAYLA,nougatcenter
I'M WAITING FOR THE MAN,nougatcenter
ALL ALONG THE WATCHTOWER,nougatcenter
CRAZY,nougatcenter
STAND BY ME,nougatcenter
LET'S STAY TOGETHER,nougatcenter
GET UR FREAK ON,nougatcenter
ONCE IN A LIFETIME,nougatcenter
DANCING IN THE STREET,nougatcenter
STRANGE FRUIT,nougatcenter
I FEEL LOVE,nougatcenter
HOTEL CALIFORNIA,nougatcenter
(WE'RE GONNA) ROCK AROUND THE CLOCK,nougatcenter
HOUND DOG,nougatcenter
GHOST TOWN,nougatcenter
THERE IS A LIGHT THAT NEVER GOES OUT,nougatcenter
SPACE ODDITY,nougatcenter
PAPA'S GOT A BRAND NEW BAG,nougatcenter
BLITZKRIEG BOP,nougatcenter
CALIFORNIA DREAMIN',nougatcenter
HOW SOON IS NOW?,nougatcenter
THIS CHARMING MAN,nougatcenter
 PROBLEMS,nougatcenter
WHOLE LOTTA SHAKIN' GOIN' ON,nougatcenter
LIFE ON MARS?,nougatcenter
PARANOID ANDROID,nougatcenter
GOOD TIMES,nougatcenter
ONE,nougatcenter
BLUE SUEDE SHOES,nougatcenter
HOUSE OF THE RISING SUN,nougatcenter
WHOLE LOTTA LOVE,nougatcenter
EIGHT MILES HIGH,nougatcenter
THUNDER ROAD,nougatcenter
TANGLED UP IN BLUE,nougatcenter
BRIDGE OVER TROUBLED WATER,nougatcenter
MAYBELLENE,nougatcenter
SUMMERTIME BLUES,nougatcenter
FOR WHAT IT'S WORTH,nougatcenter
THAT'S ALL RIGHT,nougatcenter
DANCING QUEEN,nougatcenter
LIVE FOREVER,nougatcenter
SWEET CHILD O' MINE,nougatcenter
ALL MY FRIENDS,nougatcenter
MAGGIE MAY,nougatcenter
FIGHT THE POWER,nougatcenter
PROUD MARY,nougatcenter
NOTHING COMPARES  U,nougatcenter
WALK THIS WAY,nougatcenter
LOSING MY EDGE,nougatcenter
BORN SLIPPY,nougatcenter
NO WOMAN NO CRY,nougatcenter
SHE LOVES YOU,nougatcenter
IN MY LIFE,nougatcenter
WONDERWALL,nougatcenter
YESTERDAY,nougatcenter
WHEN A MAN LOVES A WOMAN,nougatcenter
I WALK THE LINE,nougatcenter
(WHITE MAN) IN HAMMERSMITH PALAIS,nougatcenter
MIDNIGHT CITY,nougatcenter
A WHITER SHADE OF PALE,nougatcenter
THE WEIGHT,nougatcenter
EVERY BREATH YOU TAKE,nougatcenter
MY GIRL,nougatcenter
PEGGY SUE,nougatcenter
HONKY TONK WOMEN,nougatcenter
WON'T GET FOOLED AGAIN,nougatcenter
MYSTERY TRAIN,nougatcenter
GET IT ON [BANG A GONG (GET IT ON)],nougatcenter
JAILHOUSE ROCK,nougatcenter
GET UP (I FEEL LIKE BEING A) SEX MACHINE,nougatcenter
STAYIN' ALIVE,nougatcenter
HEART OF GLASS,nougatcenter
SEASONS (WAITING ON YOU),nougatcenter
"OH, PRETTY WOMAN",nougatcenter
GREEN ONIONS,nougatcenter
"PAINT IT, BLACK",nougatcenter
BE-BOP-A-LULA,nougatcenter
SUBTERRANEAN HOMESICK BLUES,nougatcenter
VIRGINIA PLAIN,nougatcenter
WICHITA LINEMAN,nougatcenter
CRAZY,nougatcenter
SONG ,nougatcenter
WALK ON BY,nougatcenter
RAPPER'S DELIGHT,nougatcenter
HEROIN,nougatcenter
FAMILY AFFAIR,nougatcenter
MARQUEE MOON,nougatcenter
FORTUNATE SON,nougatcenter
GREAT BALLS OF FIRE,nougatcenter
BROWN EYED GIRL,nougatcenter
LITTLE RED CORVETTE,nougatcenter
AUTOBAHN,nougatcenter
PENNY LANE,nougatcenter
KASHMIR,nougatcenter
CREEP,nougatcenter
GLORIA,nougatcenter
WHILE MY GUITAR GENTLY WEEPS,nougatcenter
RUNAWAY,nougatcenter
PSYCHO KILLER,nougatcenter
WILL YOU LOVE ME TOMORROW,nougatcenter
I BET YOU LOOK GOOD ON THE DANCEFLOOR,nougatcenter
TEENAGE KICKS,nougatcenter
MAPS,nougatcenter
LAST NITE,nougatcenter
DON'T WORRY BABY,nougatcenter
BROWN SUGAR,nougatcenter
SABOTAGE,nougatcenter
TOMORROW NEVER KNOWS,nougatcenter
THERE SHE GOES,nougatcenter
PYRAMIDS,nougatcenter
DON'T BE CRUEL,nougatcenter
PARANOID,nougatcenter
IN THE MIDNIGHT HOUR,nougatcenter
I'M SO LONESOME I COULD CRY,nougatcenter
HOUSE OF JEALOUS LOVERS,nougatcenter
CAN'T GET YOU OUT OF MY HEAD,nougatcenter
TIME TO PRETEND,nougatcenter
PEOPLE GET READY,nougatcenter
SIGN 'O' THE TIMES,nougatcenter
KIDS,nougatcenter
BO DIDDLEY,nougatcenter
FOLSOM PRISON BLUES,nougatcenter
ROADRUNNER,nougatcenter
ELEANOR RIGBY,nougatcenter
GO YOUR OWN WAY,nougatcenter
EVER FALLEN IN LOVE?,nougatcenter
HELP!,nougatcenter
PAPA WAS A ROLLING STONE,nougatcenter
LET IT BE,nougatcenter
LIKE A PRAYER,nougatcenter
TAINTED LOVE,nougatcenter
SEE EMILY PLAY,nougatcenter
REHAB,nougatcenter
ALONE AGAIN OR,nougatcenter
NUTHIN' BUT A 'G' THANG,nougatcenter
SON-OF-A PREACHER MAN,nougatcenter
WHY DO FOOLS FALL IN LOVE,nougatcenter
(DON'T FEAR) THE REAPER,nougatcenter
THE SOUND OF SILENCE,nougatcenter
IDIOTEQUE,nougatcenter
TWO WEEKS,nougatcenter
RADIO FREE EUROPE,nougatcenter
DEBASER,nougatcenter
GIRLS AND BOYS,nougatcenter
VIDEO GAMES,nougatcenter
BLUEBERRY HILL,nougatcenter
MY GIRLS,nougatcenter
FOOLS GOLD,nougatcenter
DAS MODELL/THE MODEL,nougatcenter
WILD THING,nougatcenter
YOU SEND ME,nougatcenter
RUNNING UP THAT HILL,nougatcenter
SUNDAY BLOODY SUNDAY,nougatcenter
SOMETHING,nougatcenter
 TEARS,nougatcenter
SEXUAL HEALING,nougatcenter
KISS,nougatcenter
PURPLE RAIN,nougatcenter
ACE OF SPADES,nougatcenter
VOODOO CHILE (SLIGHT RETURN),nougatcenter
INTO THE GROOVE,nougatcenter
"SHAKE, RATTLE AND ROLL",nougatcenter
BABA O'RILEY,nougatcenter
CHANGES,nougatcenter
WUTHERING HEIGHTS,nougatcenter
PLANET ROCK,nougatcenter
REFLEKTOR,nougatcenter
ALL THE YOUNG DUDES,nougatcenter
ONLY THE LONELY (KNOW THE WAY I FEEL),nougatcenter
SUMMER IN THE CITY,nougatcenter
BORN IN THE U.S.A.,nougatcenter
JUST LIKE HEAVEN,nougatcenter
ROLL OVER BEETHOVEN,nougatcenter
OVER AND OVER,nougatcenter
LE FREAK,nougatcenter
ONE MORE TIME,nougatcenter
I WANNA BE YOUR DOG,nougatcenter
CANNONBALL,nougatcenter
STOP! IN THE NAME OF LOVE,nougatcenter
I CAN'T EXPLAIN,nougatcenter
UMBRELLA,nougatcenter
MONKEY GONE TO HEAVEN,nougatcenter
VENUS IN FURS,nougatcenter
WHITE RABBIT,nougatcenter
LEADER OF THE PACK,nougatcenter
LIKE A VIRGIN,nougatcenter
HEY JOE,nougatcenter
TICKET TO RIDE,nougatcenter
RELAX,nougatcenter
FIRESTARTER,nougatcenter
TEEN AGE RIOT,nougatcenter
REBELLION (LIES),nougatcenter
LET'S GET IT ON,nougatcenter
BRING THE NOISE,nougatcenter
HURT,nougatcenter
SEARCH AND DESTROY,nougatcenter
LUST FOR LIFE,nougatcenter
BYE BYE LOVE,nougatcenter
THIS LAND IS YOUR LAND,nougatcenter
DON'T STOP 'TIL YOU GET ENOUGH,nougatcenter
MANY RIVERS TO CROSS,nougatcenter
I GOT YOU (I FEEL GOOD),nougatcenter
STAN,nougatcenter
GROOVE IS IN THE HEART,nougatcenter
GIMME SOME LOVIN',nougatcenter
DAVID BOWIE,nougatcenter
WHERE DID OUR LOVE GO,nougatcenter
THE TIMES THEY ARE A-CHANGIN',nougatcenter
MC,nougatcenter
THE KNIFE,nougatcenter
TRY A LITTLE TENDERNESS,nougatcenter
SWEET JANE,nougatcenter
IT'S A MAN'S MAN'S MAN'S WORLD,nougatcenter
IT'S THE END OF THE WORLD AS WE KNOW IT (AND I FEEL FINE),nougatcenter
SUNSHINE OF YOUR LOVE,nougatcenter
ASHES TO ASHES,nougatcenter
DA DOO RON RON (WHEN HE WALKED ME HOME),nougatcenter
BRASS IN POCKET,nougatcenter
COME TOGETHER,nougatcenter
BLIND,nougatcenter
FREE BIRD,nougatcenter
MS. JACKSON,nougatcenter
RING OF FIRE,nougatcenter
GOING UNDERGROUND,nougatcenter
(YOUR LOVE KEEPS LIFTING ME) HIGHER AND HIGHER,nougatcenter
HOOCHIE COOCHIE MAN,nougatcenter
YOUNG FOLKS,nougatcenter
THE BOYS ARE BACK IN TOWN,nougatcenter
BEAT IT,nougatcenter
ISRAELITES,nougatcenter
VISIONS OF JOHANNA,nougatcenter
BLISTER IN THE SUN,nougatcenter
INSTANT KARMA (WE ALL SHINE ON),nougatcenter
TOXIC,nougatcenter
YOU CAN'T HURRY LOVE,nougatcenter
THE BOX TOPS,nougatcenter
BLOWIN' IN THE WIND,nougatcenter
RUMBLE,nougatcenter
YOU CAN'T ALWAYS GET WHAT YOU WANT,nougatcenter
I SAY A LITTLE PRAYER,nougatcenter
MUSIC SOUNDS BETTER WITH YOU,nougatcenter
JE T'AIME MOI NON PLUS,nougatcenter
ALL I HAVE TO DO IS DREAM,nougatcenter
WISH YOU WERE HERE,nougatcenter
WAKE UP,nougatcenter
ENTER SANDMAN,nougatcenter
PUMP UP THE VOLUME,nougatcenter
DA FUNK,nougatcenter
NORWEGIAN WOOD (THIS BIRD HAS FLOWN),nougatcenter
I PUT A SPELL ON YOU,nougatcenter
BORN TO BE WILD,nougatcenter
I GET AROUND,nougatcenter
TRANSMISSION,nougatcenter
EMPIRE STATE OF MIND,nougatcenter
OVER THE RAINBOW,nougatcenter
FELL IN LOVE WITH A GIRL,nougatcenter
DON'T YOU WANT ME,nougatcenter
DANCING ON MY OWN,nougatcenter
LONG TALL SALLY,nougatcenter
GEORGIA ON MY MIND,nougatcenter
GLORY BOX,nougatcenter
MR. BRIGHTSIDE,nougatcenter
WHO DO YOU LOVE,nougatcenter
KILLING IN THE NAME,nougatcenter
ROCKET ,nougatcenter
ARCHANGEL,nougatcenter
WITH OR WITHOUT YOU,nougatcenter
THE KILLING MOON,nougatcenter
DO YOU REALIZE??,nougatcenter
WHERE IS MY MIND?,nougatcenter
WAITING ROOM,nougatcenter
GOOD GOLLY MISS MOLLY,nougatcenter
THANK YOU (FALETTINME BE MICE ELF AGIN),nougatcenter
AROUND THE WORLD,nougatcenter
OBLIVION,nougatcenter
RUNAWAY,nougatcenter
GLORIA,nougatcenter
MY NAME IS,nougatcenter
F*** THA POLICE,nougatcenter
LOADED,nougatcenter
(YOU GOTTA) FIGHT FOR YOUR RIGHT (TO PARTY!),nougatcenter
LIVING FOR THE CITY,nougatcenter
I'VE GOT A WOMAN,nougatcenter
SUCH GREAT HEIGHTS,nougatcenter
DANCE TO THE MUSIC,nougatcenter
CRYING,nougatcenter
MOVE ON UP,nougatcenter
HALLELUJAH,nougatcenter
HEART OF GOLD,nougatcenter
CATHY'S CLOWN,nougatcenter
ALISON,nougatcenter
I CAN'T STAND THE RAIN,nougatcenter
ODESSA,nougatcenter
ONE NATION UNDER A GROOVE,nougatcenter
THAT'S ENTERTAINMENT,nougatcenter
WILD HORSES,nougatcenter
SUZANNE,nougatcenter
CHAIN OF FOOLS,nougatcenter
PLEASE PLEASE PLEASE,nougatcenter
THEME FROM SHAFT,nougatcenter
PRIDE (IN THE NAME OF LOVE),nougatcenter
DESOLATION ROW,nougatcenter
PERSONAL JESUS,nougatcenter
A HARD DAY'S NIGHT,nougatcenter
REVOLUTION / REVOLUTION ,nougatcenter
HOPE THERE'S SOMEONE,nougatcenter
BOYS DON'T CRY,nougatcenter
I CAN SEE FOR MILES,nougatcenter
JUST LIKE HONEY,nougatcenter
SEPTEMBER GURLS,nougatcenter
TUMBLING DICE,nougatcenter
FREAK SCENE,nougatcenter
LA BAMBA,nougatcenter
I AM THE WALRUS,nougatcenter
THE GIRL FROM IPANEMA,nougatcenter
SHEENA IS A PUNK ROCKER,nougatcenter
ROCK LOBSTER,nougatcenter
YONKERS,nougatcenter
I'M A BELIEVER,nougatcenter
THE END,nougatcenter
SMOKE ON THE WATER,nougatcenter
BACK IN BLACK,nougatcenter
B. O. B. (BOMBS OVER BAGHDAD),nougatcenter
MANISH BOY,nougatcenter
SWEET DREAMS (ARE MADE OF THIS),nougatcenter
TWO WEEKS,nougatcenter
SHOUT (PARTS  AND ),nougatcenter
SCHOOL'S OUT,nougatcenter
JOLENE,nougatcenter
FAKE PLASTIC TREES,nougatcenter
JUMP,nougatcenter
FLOAT ON,nougatcenter
THE RAT,nougatcenter
WINDOWLICKER,nougatcenter
WOLF LIKE ME,nougatcenter
THE TWIST,nougatcenter
IGNITION (REMIX),nougatcenter
I STILL HAVEN'T FOUND WHAT I'M LOOKING FOR,nougatcenter
D.A.N.C.E.,nougatcenter
I ONLY HAVE EYES FOR YOU,nougatcenter
"A LOVE SUPREME, PART : ACKNOWLEDGEMENT",nougatcenter
YOUR SONG,nougatcenter
PAPERBACK WRITER,nougatcenter
EVERYDAY IS LIKE SUNDAY,nougatcenter
ROCK THE CASBAH,nougatcenter
I'VE BEEN LOVING YOU TOO LONG (TO STOP NOW),nougatcenter
UNDER PRESSURE,nougatcenter
JESUS WALKS,nougatcenter
THE ROCKAFELLER SKANK,nougatcenter
THE ONE I LOVE,nougatcenter
ENJOY THE SILENCE,nougatcenter
O SUPERMAN,nougatcenter
SHOT BY BOTH SIDES,nougatcenter
POSITIVELY TH STREET,nougatcenter
LOLA,nougatcenter
MIDNIGHT TRAIN TO GEORGIA,nougatcenter
BLANK GENERATION,nougatcenter
RIDERS ON THE STORM,nougatcenter
STREET FIGHTING MAN,nougatcenter
IN THE STILL OF THE NITE,nougatcenter
BIRTHDAY,nougatcenter
ROXANNE,nougatcenter
I NEVER LOVED A MAN (THE WAY I LOVE YOU),nougatcenter
SOMEBODY TO LOVE,nougatcenter
CAN'T DO WITHOUT YOU,nougatcenter
THE BOXER,nougatcenter
WEST END BLUES,nougatcenter
CROSS ROAD BLUES,nougatcenter
SWEET HOME ALABAMA,nougatcenter
WAKE UP LITTLE SUSIE,nougatcenter
ROUND AND ROUND,nougatcenter
PINK MOON,nougatcenter
TIRED OF BEING ALONE,nougatcenter
TRUE FAITH,nougatcenter
NO ONE KNOWS,nougatcenter
MORE THAN A FEELING,nougatcenter
BAD MOON RISING,nougatcenter
BECAUSE THE NIGHT,nougatcenter
NEW ROSE,nougatcenter
"ANOTHER GIRL, ANOTHER PLANET",nougatcenter
EVERYBODY HURTS,nougatcenter
SMOKESTACK LIGHTNIN',nougatcenter
UNCHAINED MELODY,nougatcenter
FIRE AND RAIN,nougatcenter
THIS TOWN AIN'T BIG ENOUGH FOR BOTH OF US,nougatcenter
PRETTY VACANT,nougatcenter
ROUND MIDNIGHT,nougatcenter
BIZARRE LOVE TRIANGLE,nougatcenter
WEST END GIRLS,nougatcenter
WALK THIS WAY,nougatcenter
MOVE IT,nougatcenter
CALIFORNIA LOVE,nougatcenter
ROCK AND ROLL,nougatcenter
ROYALS,nougatcenter
CHICAGO,nougatcenter
IT'S TOO LATE,nougatcenter
SINCE I LEFT YOU,nougatcenter
HARD TO EXPLAIN,nougatcenter
RED EYES,nougatcenter
HIGHWAY TO HELL,nougatcenter
MOONDANCE,nougatcenter
BRIMFUL OF ASHA,nougatcenter
CALIFORNIA GIRLS,nougatcenter
STARMAN,nougatcenter
WHERE IT'S AT,nougatcenter
CLOSER,nougatcenter
SOUR TIMES,nougatcenter
COMPLETE CONTROL,nougatcenter
KARMA POLICE,nougatcenter
SEA SONG,nougatcenter
ALL APOLOGIES,nougatcenter
QUEEN,nougatcenter
THE PASSENGER,nougatcenter
YOUNG AMERICANS,nougatcenter
COME ON EILEEN,nougatcenter
THE THRILL IS GONE,nougatcenter
MY SWEET LORD,nougatcenter
RID OF ME,nougatcenter
STRAIGHT OUTTA COMPTON,nougatcenter
HE'S A REBEL,nougatcenter
NO SCRUBS,nougatcenter
THE BOYS OF SUMMER,nougatcenter
SHOULD I STAY OR SHOULD I GO,nougatcenter
AIN'T NO SUNSHINE,nougatcenter
LOVE IS THE DRUG,nougatcenter
SHIPBUILDING,nougatcenter
OHIO,nougatcenter
WHITE LINES (DON'T DON'T DO IT),nougatcenter
TIGHTROPE,nougatcenter
THE HOUSE THAT HEAVEN BUILT,nougatcenter
SUMMER BABE,nougatcenter
DAMAGED GOODS,nougatcenter
DAZED AND CONFUSED,nougatcenter
SUPERSONIC,nougatcenter
THERE GOES MY BABY,nougatcenter
I LOVE ROCK 'N ROLL,nougatcenter
YELLOW,nougatcenter
IN DREAMS,nougatcenter
AMERICAN PIE,nougatcenter
BALLAD OF A THIN MAN,nougatcenter
CLINT EASTWOOD,nougatcenter
SPANISH HARLEM,nougatcenter
I FOUGHT THE LAW,nougatcenter
I'M A MAN,nougatcenter
EVERYDAY PEOPLE,nougatcenter
FUCK YOU!,nougatcenter
MILKSHAKE,nougatcenter
THE SUN AIN'T GONNA SHINE ANYMORE,nougatcenter
LOSE YOURSELF,nougatcenter
SINCE U BEEN GONE,nougatcenter
SOUND AND VISION,nougatcenter
ZOMBIE,nougatcenter
TAKE ME TO THE RIVER,nougatcenter
ALL YOU NEED IS LOVE,nougatcenter
PAID IN FULL,nougatcenter
HIGHER GROUND,nougatcenter
THE LOCO-MOTION,nougatcenter
BAND OF GOLD,nougatcenter
WELCOME TO THE JUNGLE,nougatcenter
GIVE IT AWAY,nougatcenter
RUNAROUND SUE,nougatcenter
PHOENIX,nougatcenter
PERFECT DAY,nougatcenter
WALK AWAY RENÆ’E,nougatcenter
ME MYSELF AND I,nougatcenter
ME AND BOBBY MCGEE,nougatcenter
HAPPINESS IS A WARM GUN,nougatcenter
WHITE WINTER HYMNAL,nougatcenter
SUITE: JUDY BLUE EYES,nougatcenter
THE MERCY SEAT,nougatcenter
THE HARDER THEY COME,nougatcenter
CUT YOUR HAIR,nougatcenter
SOME VELVET MORNING,nougatcenter
ROLLING IN THE DEEP,nougatcenter
FRIDAY ON MY MIND,nougatcenter
CORTEZ THE KILLER,nougatcenter
PUBLIC IMAGE,nougatcenter
JUST LIKE A WOMAN,nougatcenter
SULTANS OF SWING,nougatcenter
GIRLS JUST WANT TO HAVE FUN,nougatcenter
BOOGIE CHILLEN,nougatcenter
YOUR CHEATIN' HEART,nougatcenter
STANDING IN THE WAY OF CONTROL,nougatcenter
NEW YEAR'S DAY,nougatcenter
TRAIN IN VAIN (STAND BY ME),nougatcenter
HOUND DOG,nougatcenter
AMERICA,nougatcenter
"GET UP, STAND UP",nougatcenter
REBEL WITHOUT A PAUSE,nougatcenter
GOLD DIGGER,nougatcenter
WATCHING THE DETECTIVES,nougatcenter
YOU MADE ME REALISE,nougatcenter
CARS,nougatcenter
FAIRYTALE OF NEW YORK,nougatcenter
FAMOUS BLUE RAINCOAT,nougatcenter
SEX & DRUGS & ROCK & ROLL,nougatcenter
ATMOSPHERE,nougatcenter
WHO'LL STOP THE RAIN,nougatcenter
BELA LUGOSI'S DEAD,nougatcenter
TH CENTURY BOY,nougatcenter
STAND BY YOUR MAN,nougatcenter
WATERFALLS,nougatcenter
NIGGAS IN PARIS,nougatcenter
NEW SLANG,nougatcenter
GIGANTIC,nougatcenter
NO DIGGITY,nougatcenter
BANQUET,nougatcenter
THE NIGHT THEY DROVE OLD DIXIE DOWN,nougatcenter
STEP ON,nougatcenter
BOOM BOOM,nougatcenter
YAKETY YAK,nougatcenter
ONLY SHALLOW,nougatcenter
LITHIUM,nougatcenter
WOOLY BULLY,nougatcenter
APACHE,nougatcenter
"JESUS, ETC.",nougatcenter
YOU'VE REALLY GOT A HOLD ON ME,nougatcenter
SOMEONE GREAT,nougatcenter
ODE TO BILLIE JOE,nougatcenter
BLACK HOLE SUN,nougatcenter
FADE INTO YOU,nougatcenter
THE SEED .,nougatcenter
HERE COMES THE SUN,nougatcenter
PERSONALITY CRISIS,nougatcenter
 THING,nougatcenter
YOU OUGHTA KNOW,nougatcenter
THESE BOOTS ARE MADE FOR WALKIN',nougatcenter
DREAM ON,nougatcenter
GOODBYE YELLOW BRICK ROAD,nougatcenter
JUST MY IMAGINATION (RUNNING AWAY WITH ME),nougatcenter
HATE TO SAY I TOLD YOU SO,nougatcenter
WORK IT,nougatcenter
REDEMPTION SONG,nougatcenter
BLUE YODEL (T FOR TEXAS),nougatcenter
BUDDY HOLLY,nougatcenter
WAR,nougatcenter
VIVA LA VIDA,nougatcenter
WE ARE YOUR FRIENDS,nougatcenter
CRY ME A RIVER,nougatcenter
WHERE THE STREETS HAVE NO NAME,nougatcenter
UNDER THE BRIDGE,nougatcenter
MY FAVORITE THINGS,nougatcenter
I WILL SURVIVE,nougatcenter
WHITE CHRISTMAS,nougatcenter
MONSTER,nougatcenter
BLOCK ROCKIN' BEATS,nougatcenter
TEMPTATION,nougatcenter
GENIUS OF LOVE,nougatcenter
CAN'T STAND ME NOW,nougatcenter
ROCKIN' IN THE FREE WORLD,nougatcenter
THE RIVER,nougatcenter
I'VE GOT YOU UNDER MY SKIN,nougatcenter
JEREMY,nougatcenter
WHITE NOISE,nougatcenter
CALL ME,nougatcenter
"HEY HEY, MY MY (INTO THE BLACK)",nougatcenter
WOULDN'T IT BE NICE,nougatcenter
LISZTOMANIA,nougatcenter
I'M NOT IN LOVE,nougatcenter
TELSTAR,nougatcenter
IRON MAN,nougatcenter
RACE FOR THE PRIZE,nougatcenter
SAVE THE LAST DANCE FOR ME,nougatcenter
RIVER MAN,nougatcenter
AT LAST,nougatcenter
THIRTEEN,nougatcenter
LAST GOODBYE,nougatcenter
AIN'T THAT A SHAME,nougatcenter
PYRAMID SONG,nougatcenter
INTERGALACTIC,nougatcenter
A HARD RAIN'S A-GONNA FALL,nougatcenter
SHE'S NOT THERE,nougatcenter
DANIEL,nougatcenter
ATOMIC,nougatcenter
IN THE GHETTO,nougatcenter
DREAMS,nougatcenter
YOU KEEP ME HANGIN' ON,nougatcenter
I FALL TO PIECES,nougatcenter
L.E.S. ARTISTES,nougatcenter
SO WHAT,nougatcenter
ATLAS,nougatcenter
BABY LOVE,nougatcenter
TRANS-EUROPA EXPRESS/TRANS-EUROPE EXPRESS,nougatcenter
SOON,nougatcenter
YOU'RE GONNA MISS ME,nougatcenter
NEW SLAVES,nougatcenter
GALANG,nougatcenter
ME AND GIULIANI DOWN BY THE SCHOOLYARD (A TRUE STORY),nougatcenter
SEXY BOY,nougatcenter
EVERLONG,nougatcenter
EVERYBODY'S TALKIN',nougatcenter
SAIL AWAY,nougatcenter
SOUL MAN,nougatcenter
SAY IT LOUD - I'M BLACK AND I'M PROUD,nougatcenter
DON'T BELIEVE THE HYPE,nougatcenter
SURF'S UP,nougatcenter
MAKING PLANS FOR NIGEL,nougatcenter
DOWN BY THE WATER,nougatcenter
THE DARK END OF THE STREET,nougatcenter
YOU'RE SO VAIN,nougatcenter
BODY AND SOUL,nougatcenter
INNER CITY BLUES (MAKE ME WANNA HOLLER),nougatcenter
TEARDROP,nougatcenter
DIGITAL LOVE,nougatcenter
CLIMAX,nougatcenter
MY LOVE,nougatcenter
HIT THE ROAD JACK,nougatcenter
MISSING (TODD TERRY REMIX),nougatcenter
TIME AFTER TIME,nougatcenter
RAVE ON,nougatcenter
OLIVER'S ARMY,nougatcenter
PUSH IT,nougatcenter
LOVE TO LOVE YOU BABY,nougatcenter
SUBSTITUTE,nougatcenter
BACK TO LIFE,nougatcenter
"HOLD ON, WE'RE GOING HOME",nougatcenter
ARE 'FRIENDS' ELECTRIC?,nougatcenter
LOSING YOU,nougatcenter
DO YOU BELIEVE IN MAGIC,nougatcenter
DON'T LOOK BACK IN ANGER,nougatcenter
COMFORTABLY NUMB,nougatcenter
RETROGRADE,nougatcenter
SWEET LITTLE SIXTEEN,nougatcenter
THE RIP,nougatcenter
ANIMAL NITRATE,nougatcenter
TOWN CALLED MALICE,nougatcenter
THE ETON RIFLES,nougatcenter
ROCK AND ROLL MUSIC,nougatcenter
I SHOT THE SHERIFF,nougatcenter
LITTLE WING,nougatcenter
THE ONLY ONE I KNOW,nougatcenter
BLOODBUZZ OHIO,nougatcenter
ROCK ISLAND LINE,nougatcenter
COME AS YOU ARE,nougatcenter
A-PUNK,nougatcenter
ALL RIGHT NOW,nougatcenter
PROTECT YA NECK,nougatcenter
I WANNA BE ADORED,nougatcenter
O.P.P.,nougatcenter
JUMP AROUND,nougatcenter
OUT OF TIME,nougatcenter
THE TEARS OF A CLOWN,nougatcenter
TENNESSEE,nougatcenter
WORKING CLASS HERO,nougatcenter
HIGHER THAN THE SUN,nougatcenter
MACHINE GUN,nougatcenter
SLEDGEHAMMER,nougatcenter
I WANNA BE SEDATED,nougatcenter
CRYSTALISED,nougatcenter
FAST CAR,nougatcenter
PEARL JAM,nougatcenter
ALIVE,nougatcenter
THE GREAT PRETENDER,nougatcenter
A DESIGN FOR LIFE,nougatcenter
PIECE OF MY HEART,nougatcenter
RAY OF LIGHT,nougatcenter
LITTLE FLUFFY CLOUDS,nougatcenter
VOGUE,nougatcenter
REBEL REBEL,nougatcenter
YOU SHOOK ME ALL NIGHT LONG,nougatcenter
A TEENAGER IN LOVE,nougatcenter
AND I WAS A BOY FROM SCHOOL,nougatcenter
ST. LOUIS BLUES,nougatcenter
MONEY (THAT'S WHAT I WANT),nougatcenter
SUNDAY MORNING,nougatcenter
ITCHYCOO PARK,nougatcenter
DOWN BY THE RIVER,nougatcenter
DUST MY BROOM,nougatcenter
HOLIDAY IN CAMBODIA,nougatcenter
THAT'S WHEN I REACH FOR MY REVOLVER,nougatcenter
NEVER CATCH ME,nougatcenter
CRIMSON AND CLOVER,nougatcenter
"ANOTHER BRICK IN THE WALL, PART ",nougatcenter
GENO,nougatcenter
DIGITAL WITNESS,nougatcenter
C.R.E.A.M. (CASH RULES EVERYTHING AROUND ME),nougatcenter
CONNECTION,nougatcenter
DOWN IN THE TUBE STATION AT MIDNIGHT,nougatcenter
WHEN THE LEVEE BREAKS,nougatcenter
ZERO,nougatcenter
JEALOUS GUY,nougatcenter
THE REAL SLIM SHADY,nougatcenter
FIRST OF THE GANG TO DIE,nougatcenter
TWO TRIBES,nougatcenter
STRINGS OF LIFE,nougatcenter
THE ADVENTURES OF GRANDMASTER FLASH ON THE WHEELS OF STEEL,nougatcenter
BLUE MOON OF KENTUCKY,nougatcenter
KELIS,nougatcenter
CAUGHT OUT THERE,nougatcenter
MONEY,nougatcenter
LET'S SPEND THE NIGHT TOGETHER,nougatcenter
TRY AGAIN,nougatcenter
PRESSURE DROP,nougatcenter
AFTER THE GOLD RUSH,nougatcenter
ALL SHOOK UP,nougatcenter
JUICY,nougatcenter
SATELLITE OF LOVE,nougatcenter
EARTH ANGEL (WILL YOU BE MINE),nougatcenter
KNOCKIN' ON HEAVEN'S DOOR,nougatcenter
SHE'S LOST CONTROL,nougatcenter
...BABY ONE MORE TIME,nougatcenter
SHAKE,nougatcenter
VIDEO KILLED THE RADIO STAR,nougatcenter
DOO WOP (THAT THING),nougatcenter
SISTER RAY,nougatcenter
SONG FOR ZULA,nougatcenter
(YOU MAKE ME FEEL LIKE) A NATURAL WOMAN,nougatcenter
WE GOTTA GET OUT OF THIS PLACE,nougatcenter
NE ME QUITTE PAS,nougatcenter
WICKED GAME,nougatcenter
HURRICANE,nougatcenter
NOT FADE AWAY,nougatcenter
MIND PLAYING TRICKS ON ME,nougatcenter
WHO KNOWS WHERE THE TIME GOES,nougatcenter
PSYCHOTIC REACTION,nougatcenter
MR. TAMBOURINE MAN,nougatcenter
LA VIE EN ROSE,nougatcenter
ON BROADWAY,nougatcenter
IN DA CLUB,nougatcenter
DRY THE RAIN,nougatcenter
LUCY IN THE SKY WITH DIAMONDS,nougatcenter
FEEL GOOD INC.,nougatcenter
HELTER SKELTER,nougatcenter
STEP,nougatcenter
REGULATE,nougatcenter
LAWDY MISS CLAWDY,nougatcenter
AT THE HOP,nougatcenter
POLICE AND THIEVES,nougatcenter
A NEW ENGLAND,nougatcenter
WHIP IT,nougatcenter
THE REVOLUTION WILL NOT BE TELEVISED,nougatcenter
LIKE A HURRICANE,nougatcenter
HYPER-BALLAD,nougatcenter
MESSAGE IN A BOTTLE,nougatcenter
THINK,nougatcenter
SH-BOOM,nougatcenter
THINKIN BOUT YOU,nougatcenter
STILLNESS IS THE MOVE,nougatcenter
FREE FALLIN',nougatcenter
"FIX UP, LOOK SHARP",nougatcenter
BLACK SKINHEAD,nougatcenter
UPTIGHT (EVERYTHING'S ALRIGHT),nougatcenter
ATLANTIC CITY,nougatcenter
LET'S DANCE,nougatcenter
MACK THE KNIFE,nougatcenter
LIVIN' ON A PRAYER,nougatcenter
I SAW HER STANDING THERE,nougatcenter
MUSIC,nougatcenter
MADAME GEORGE,nougatcenter
THE BREAKS,nougatcenter
A GIRL LIKE YOU,nougatcenter
MOTORCYCLE EMPTINESS,nougatcenter
BEING BORING,nougatcenter
SHE BANGS THE DRUMS,nougatcenter
THEN HE KISSED ME,nougatcenter
I KNOW YOU GOT SOUL,nougatcenter
IT TAKES TWO,nougatcenter
CHANDELIER,nougatcenter
READY OR NOT,nougatcenter
BUFFALO STANCE,nougatcenter
DROP IT LIKE IT'S HOT,nougatcenter
CROSSTOWN TRAFFIC,nougatcenter
I WANT YOU,nougatcenter
DON'T DREAM IT'S OVER,nougatcenter
GOLDEN SKANS,nougatcenter
OUR LIPS ARE SEALED,nougatcenter
I'LL FEEL A WHOLE LOT BETTER,nougatcenter
INTO MY ARMS,nougatcenter
IN BETWEEN DAYS,nougatcenter
DRY YOUR EYES,nougatcenter
PLEASE MR. POSTMAN,nougatcenter
SPRAWL II (MOUNTAINS BEYOND MOUNTAINS),nougatcenter
STARING AT THE SUN,nougatcenter
TIME FOR HEROES,nougatcenter
HALLELUJAH,nougatcenter
L.A. WOMAN,nougatcenter
THE SCIENTIST,nougatcenter
HE STOPPED LOVING HER TODAY,nougatcenter
SETTING SUN,nougatcenter
IZZO (H.O.V.A.),nougatcenter
C'MON EVERYBODY,nougatcenter
ABOUT A GIRL,nougatcenter
BIG YELLOW TAXI,nougatcenter
HEAT WAVE,nougatcenter
HONG KONG GARDEN,nougatcenter
BURNING DOWN THE HOUSE,nougatcenter
NIGHT MOVES,nougatcenter
SUPERFLY,nougatcenter
KILLING ME SOFTLY WITH HIS SONG,nougatcenter
ELEPHANT,nougatcenter
YOU GET WHAT YOU GIVE,nougatcenter
I AM THE RESURRECTION,nougatcenter
WHAT A WONDERFUL WORLD,nougatcenter
LOVE AND HAPPINESS,nougatcenter
GIN AND JUICE,nougatcenter
EVERYTHING IN ITS RIGHT PLACE,nougatcenter
KOKO,nougatcenter
KOOL THING,nougatcenter
GOD BLESS THE CHILD,nougatcenter
MAYBE I'M AMAZED,nougatcenter
VOODOO RAY,nougatcenter
UPTOWN TOP RANKING,nougatcenter
IT'S LIKE THAT,nougatcenter
WONDERFUL WORLD,nougatcenter
HELLHOUND ON MY TRAIL,nougatcenter
UP ON THE ROOF,nougatcenter
PLEASE PLEASE ME,nougatcenter
MAKE ME SMILE (COME UP AND SEE ME),nougatcenter
HEY BOY HEY GIRL,nougatcenter
GANGSTA'S PARADISE,nougatcenter
MONEY HONEY,nougatcenter
GET OFF OF MY CLOUD,nougatcenter
REGRET,nougatcenter
GOOD LOVIN',nougatcenter
TAKE FIVE,nougatcenter
CLOCKS,nougatcenter
BAD GIRLS,nougatcenter
WHITE RIOT,nougatcenter
LONELY TEARDROPS,nougatcenter
MY GUY,nougatcenter
MRS. ROBINSON,nougatcenter
PARADISE CITY,nougatcenter
LADY MARMALADE,nougatcenter
TURN! TURN! TURN! (TO EVERYTHING THERE IS A SEASON),nougatcenter
ROCK AND ROLL,nougatcenter
THE WILHELM SCREAM,nougatcenter
TYPICAL GIRLS,nougatcenter
I WILL DARE,nougatcenter
"TAKE THE ""A"" TRAIN",nougatcenter
A FOREST,nougatcenter
"COLD, COLD HEART",nougatcenter
BORDERLINE,nougatcenter
GOT MY MOJO WORKING,nougatcenter
HEART-SHAPED BOX,nougatcenter
BEAUTIFUL DAY,nougatcenter
HOLD ON! I'M A COMIN',nougatcenter
IT WAS A GOOD DAY,nougatcenter
BASKET CASE,nougatcenter
THIS IS HARDCORE,nougatcenter
THE MIDNIGHT SPECIAL,nougatcenter
WITH EVERY HEARTBEAT,nougatcenter
IT'S ALRIGHT MA (I'M ONLY BLEEDING),nougatcenter
HOLOCENE,nougatcenter
GROOVIN',nougatcenter
MISS YOU,nougatcenter
ONLY YOU (AND YOU ALONE),nougatcenter
REELING IN THE YEARS,nougatcenter
FEEL GOOD HIT OF THE SUMMER,nougatcenter
ROCK WITH YOU,nougatcenter
PACIFIC STATE,nougatcenter
I FEEL FOR YOU,nougatcenter
DO I WANNA KNOW?,nougatcenter
STAY WITH ME,nougatcenter
CEREMONY,nougatcenter
AIN'T NO MOUNTAIN HIGH ENOUGH,nougatcenter
SURRENDER,nougatcenter
MY BOY LOLLIPOP,nougatcenter
INNER CITY LIFE/TIMELESS (PART : INNER CITY LIFE),nougatcenter
IF YOU DON'T KNOW ME BY NOW,nougatcenter
CAN'T BUY ME LOVE,nougatcenter
DON'T YOU (FORGET ABOUT ME),nougatcenter
WHAT DIFFERENCE DOES IT MAKE?,nougatcenter
HE'S SO FINE,nougatcenter
BRO'S,nougatcenter
HIGHWAY  REVISITED,nougatcenter
BLACK DOG,nougatcenter
SMILE,nougatcenter
SHUTTERBUGG,nougatcenter
"TOUCH ME, I'M SICK",nougatcenter
IMMIGRANT SONG,nougatcenter
IN THE AIR TONIGHT,nougatcenter
FEVER,nougatcenter
WITH A LITTLE HELP FROM MY FRIENDS,nougatcenter
I GOT YOU BABE,nougatcenter
THE WINNER TAKES IT ALL,nougatcenter
HOT FUN IN THE SUMMERTIME,nougatcenter
REMEMBER (WALKIN' IN THE SAND),nougatcenter
DEVIL'S HAIRCUT,nougatcenter
MYTH,nougatcenter
LONELY BOY,nougatcenter
A MILLI,nougatcenter
NOWHERE TO RUN,nougatcenter
(WHAT'S SO FUNNY 'BOUT) PEACE LOVE & UNDERSTANDING,nougatcenter
FEIST,nougatcenter
MINNIE THE MOOCHER,nougatcenter
IT'S A SIN,nougatcenter
MY SHARONA,nougatcenter
SKINNY LOVE,nougatcenter
SOMEDAY,nougatcenter
SAY IT AIN'T SO,nougatcenter
NEEDLES AND PINS,nougatcenter
TELL IT LIKE IT IS,nougatcenter
WEAK BECOME HEROES,nougatcenter
TINY DANCER,nougatcenter
DARK STAR,nougatcenter
PALE BLUE EYES,nougatcenter
SWIMMING POOLS (DRANK),nougatcenter
GOD,nougatcenter
WHAT YOU KNOW,nougatcenter
DANCE YRSELF CLEAN,nougatcenter
ACROSS THE UNIVERSE,nougatcenter
REBEL ROUSER,nougatcenter
SIR DUKE,nougatcenter
HYPNOTIZE,nougatcenter
RAIN,nougatcenter
SHAKE SOME ACTION,nougatcenter
GOT YOUR MONEY,nougatcenter
MIDNIGHT IN A PERFECT WORLD,nougatcenter
THRILLER,nougatcenter
SOMETHING IN THE AIR,nougatcenter
GANGSTERS,nougatcenter
PANIC,nougatcenter
LOVE IN VAIN,nougatcenter
SEA WITHIN A SEA,nougatcenter
ROCKET MAN,nougatcenter
MORE THAN THIS,nougatcenter
MOVE ON UP A LITTLE HIGHER,nougatcenter
HOW HIGH THE MOON,nougatcenter
CINNAMON GIRL,nougatcenter
SIN CITY,nougatcenter
MY FUNNY VALENTINE,nougatcenter
GRINDIN',nougatcenter
ALL ALONG THE WATCHTOWER,nougatcenter
CRY,nougatcenter
HONKY TONK,nougatcenter
OUR HOUSE,nougatcenter
KANSAS CITY,nougatcenter
UNDER THE BOARDWALK,nougatcenter
JUNGLELAND,nougatcenter
PROTECTION,nougatcenter
DO YOU REALLY WANT TO HURT ME,nougatcenter
WILDWOOD FLOWER,nougatcenter
SIXTEEN TONS,nougatcenter
DAY TRIPPER,nougatcenter
 (WAS MY NUMBER),nougatcenter
KINKY AFRO,nougatcenter
